{"cameraMode":{"drawMode":0,"name":"Shaded","section":"Shading Mode"},"sceneLighting":true,"audioPlay":false,"sceneViewState":{"showFog":true,"showMaterialUpdate":false,"showSkybox":true,"showFlares":true,"showImageEffects":true,"showParticleSystems":true},"in2DMode":false,"pivot":{"x":39.01213455200195,"y":-5.330024719238281,"z":77.13821411132813},"rotation":{"x":0.1068199872970581,"y":0.2220657765865326,"z":-0.024486856535077096,"w":0.9688693284988403},"size":95.57807922363281,"orthographic":false}