{"cameraMode":{"drawMode":0,"name":"Shaded","section":"Shading Mode"},"sceneLighting":true,"audioPlay":false,"sceneViewState":{"showFog":true,"showMaterialUpdate":false,"showSkybox":true,"showFlares":true,"showImageEffects":true,"showParticleSystems":true},"in2DMode":false,"pivot":{"x":81.94063568115235,"y":-31.616079330444337,"z":0.364595890045166},"rotation":{"x":0.12721167504787446,"y":0.6693784594535828,"z":-0.11787893623113632,"w":0.7224162817001343},"size":103.47096252441406,"orthographic":false}