{"cameraMode":{"drawMode":0,"name":"Shaded","section":"Shading Mode"},"sceneLighting":false,"audioPlay":false,"sceneViewState":{"showFog":true,"showMaterialUpdate":false,"showSkybox":false,"showFlares":true,"showImageEffects":true,"showParticleSystems":true},"in2DMode":false,"pivot":{"x":0.0,"y":0.9195653200149536,"z":0.16133713722229005},"rotation":{"x":0.0019382707541808487,"y":0.99797123670578,"z":-0.05125047639012337,"w":0.03774228319525719},"size":4.494190216064453,"orthographic":false}