{"cameraMode":{"drawMode":0,"name":"Shaded","section":"Shading Mode"},"sceneLighting":true,"audioPlay":false,"sceneViewState":{"showFog":true,"showMaterialUpdate":false,"showSkybox":true,"showFlares":true,"showImageEffects":true,"showParticleSystems":true},"in2DMode":false,"pivot":{"x":-0.0019774436950683595,"y":0.6788729429244995,"z":0.0},"rotation":{"x":0.10246270895004273,"y":-0.3526589870452881,"z":0.03887772560119629,"w":0.929327130317688},"size":3.909517288208008,"orthographic":false}