{"cameraMode":{"drawMode":0,"name":"Shaded","section":"Shading Mode"},"sceneLighting":true,"audioPlay":false,"sceneViewState":{"showFog":true,"showMaterialUpdate":false,"showSkybox":true,"showFlares":true,"showImageEffects":true,"showParticleSystems":true},"in2DMode":false,"pivot":{"x":-0.32324880361557009,"y":3.6430182456970217,"z":0.7437744140625},"rotation":{"x":-0.06765174120664597,"y":0.055939096957445148,"z":-0.0037974293809384109,"w":-0.9961348176002502},"size":13.674458503723145,"orthographic":false}