{"cameraMode":{"drawMode":0,"name":"Shaded","section":"Shading Mode"},"sceneLighting":true,"audioPlay":false,"sceneViewState":{"showFog":true,"showMaterialUpdate":false,"showSkybox":true,"showFlares":true,"showImageEffects":true,"showParticleSystems":true},"in2DMode":false,"pivot":{"x":-3.187896728515625,"y":-1.2860734462738038,"z":-10.054216384887696},"rotation":{"x":-0.09834180027246475,"y":0.6607446074485779,"z":-0.08793669193983078,"w":-0.7389290928840637},"size":10.273578643798829,"orthographic":false}