{"cameraMode":{"drawMode":0,"name":"Shaded","section":"Shading Mode"},"sceneLighting":true,"audioPlay":false,"sceneViewState":{"showFog":true,"showMaterialUpdate":false,"showSkybox":true,"showFlares":true,"showImageEffects":true,"showParticleSystems":true},"in2DMode":false,"pivot":{"x":13.769287109375,"y":1.592341661453247,"z":-11.320296287536621},"rotation":{"x":-0.07896185666322708,"y":-0.2967950999736786,"z":0.024633675813674928,"w":-0.951353907585144},"size":16.749919891357423,"orthographic":false}