{"cameraMode":{"drawMode":0,"name":"Shaded","section":"Shading Mode"},"sceneLighting":true,"audioPlay":false,"sceneViewState":{"showFog":true,"showMaterialUpdate":false,"showSkybox":true,"showFlares":true,"showImageEffects":true,"showParticleSystems":true},"in2DMode":false,"pivot":{"x":-6.483626842498779,"y":-3.9291839599609377,"z":-12.106145858764649},"rotation":{"x":-0.1373562514781952,"y":0.7471426129341126,"z":-0.1630081832408905,"w":-0.6295639276504517},"size":14.02960205078125,"orthographic":false}